system,mean_accuracy
full,0.8541666666666664
no_fl,0.6541666666666667
no_adapt,0.7541666666666668
no_twin,0.6741666666666668
no_cl,0.7041666666666666
